ProductCode,Product Description ,VariantText,Producer/Brand,Price,PricePerUnit,ImageURL,SupplierSKU,SupplierCode,SupplierID,SupplierName,SupplierURL,OriginalShortCode,Reshoot?,Fed Category 1,Fed Category 2,,,
,Strawberries ,tbc,Abel & Cole,3.85,,https://www.abelandcole.co.uk/media/392_15973_z.jpg,,,1,Abel & Cole,https://www.abelandcole.co.uk/strawberries,STRM,,Fruit,,,,
,Raspberries ,tbc,Abel & Cole,3.75,,https://www.abelandcole.co.uk/media/6524_15589_z.jpg,,,1,Abel & Cole,https://www.abelandcole.co.uk/spanish-raspberries-organic-125g,RASPE,,Fruit,,,,
,Soft Citrus,tbc,Abel & Cole,,,#N/A,,,1,Abel & Cole,,,,Fruit,,,,
,Red Seedless Grapes ,tbc,Abel & Cole,3.5,,https://www.abelandcole.co.uk/media/3815_14439_z.jpg,,,1,Abel & Cole,https://www.abelandcole.co.uk/grapes-red-seedless-400g-organic,GRASM,,Fruit,,,,
,"Grapes, White, Seedless ",tbc,Abel & Cole,3.75,,https://www.abelandcole.co.uk/media/2410_14649_z.jpg,,,1,Abel & Cole,https://www.abelandcole.co.uk/grapes-white-seedless,GRPWS,,Fruit,,,,
,Apples ,tbc,Abel & Cole,3.25,,https://www.abelandcole.co.uk/media/2529_14525_z.jpg,,,1,Abel & Cole,https://www.abelandcole.co.uk/apples-700g,AP700,,Fruit,,,,
,Pears ,tbc,Abel & Cole,3,,https://www.abelandcole.co.uk/media/2531_22897_z.jpg,,,1,Abel & Cole,https://www.abelandcole.co.uk/pears-700g-organic,PE700,,Fruit,,,,
,Blueberries ,tbc,Abel & Cole,3.25,,https://www.abelandcole.co.uk/media/788_16616_z.jpg,,,1,Abel & Cole,https://www.abelandcole.co.uk/blueberries,BBER,,Fruit,,,,
,Oranges ,tbc,Abel & Cole,3,,https://www.abelandcole.co.uk/media/211_14486_z.jpg,,,1,Abel & Cole,https://www.abelandcole.co.uk/oranges-1kg-organic,ORAKG,,Fruit,,,,
,"Bananas, Fairtrade ",tbc,Abel & Cole,3.2,,https://www.abelandcole.co.uk/media/207_14526_z.jpg,,,1,Abel & Cole,https://www.abelandcole.co.uk/bananas-fairtrade-700g,BANM,,Fruit,,,,
,Avocado ,tbc,Abel & Cole,3.85,,https://www.abelandcole.co.uk/media/206_21604_z.jpg,,,1,Abel & Cole,https://www.abelandcole.co.uk/avocado-2-pieces,AVOM,,Fruit,,,,
,"Dates, Medjool ",tbc,Abel & Cole,4.45,,https://www.abelandcole.co.uk/media/455_14432_z.jpg,,,1,Abel & Cole,https://www.abelandcole.co.uk/dates-medjool-200g-organic,DATES,,Fruit,,,,
,Kiwi Fruit ,tbc,Abel & Cole,1.65,,https://www.abelandcole.co.uk/media/380_14459_z.jpg,,,1,Abel & Cole,https://www.abelandcole.co.uk/kiwi-fruit-organic,KIWEA,,Fruit,,,,
,"Vitality Rye Bread with Sprouted Seeds, Biona ",500g,Biona,2.25,,https://www.abelandcole.co.uk/media/5691_16045_z.jpg,8922,FP053,1,Abel & Cole,https://www.abelandcole.co.uk/vitality-rye-bread-sprouted-seeds-biona,PRYE4,,Breakfast,Bread,,,
,"Rye Bread, Biona ",500g,Biona,2.25,,https://www.abelandcole.co.uk/media/5689_16044_z.jpg,8921,FP052,1,Abel & Cole,https://www.abelandcole.co.uk/rye-bread-biona,PRYE3,,Breakfast,Bread,,,
,White Sourdough Bread,800g,tbc,,,#N/A,,,,,,,,Breakfast,Bread,,,
,Wheat 'n' Rye Sourdough Bread,500g,tbc,,,#N/A,,,,,,,,Breakfast,Bread,,,
,White Farmhouse Bread,800g,tbc,,,#N/A,,,,,,,,Breakfast,Bread,,,
,Wholemeal Bread,800g,tbc,,,#N/A,,,,,,,,Breakfast,Bread,,,
,"Salted Butter, Abel & Cole ",250g,Abel & Cole,2.75,,https://www.abelandcole.co.uk/media/7737_19458_z.jpg,8811,FC017,1,Abel & Cole,https://www.abelandcole.co.uk/organic-salted-butter-abel-and-cole-250g,DB11,,Breakfast,Butter & spreads,,,
,"Unsalted Butter, Abel & Cole ",250g,Abel & Cole,2.75,,https://www.abelandcole.co.uk/media/7736_19457_z.jpg,8810,FC016,1,Abel & Cole,https://www.abelandcole.co.uk/organic-salted-butter-abel-and-cole-250g,DB10,,Breakfast,Butter & spreads,,,
,"Sunflower Vegetable Spread, Biona ",500g,Biona,3.95,,https://www.abelandcole.co.uk/media/6015_18451_z.jpg,8809,FC015,1,Abel & Cole,https://www.abelandcole.co.uk/sunflower-vegetable-margarine-non-hydrogenated-biona-500g,DB06,,Breakfast,Butter & spreads,,,
,"Spreadable Butter, Yeo Valley ",250g,Yeo Valley,2,,https://www.abelandcole.co.uk/media/2359_18450_z.jpg,8808,FC014,1,Abel & Cole,https://www.abelandcole.co.uk/butter-spreadable-yeo-valley-250g,DB04,,Breakfast,Butter & spreads,,,
,"Smooth Almond Butter, Biona ",170g,Biona,4.95,,https://www.abelandcole.co.uk/media/6583_18570_z.jpg,8918,FP049,1,Abel & Cole,https://www.abelandcole.co.uk/smooth-almond-butter-organic-biona-170g,PPB08,,Breakfast,Butter & spreads,,,
,"Cashew Nut Butter, Biona ",170g,Biona,4.7,,https://www.abelandcole.co.uk/media/6584_18571_z.jpg,8919,FP050,1,Abel & Cole,https://www.abelandcole.co.uk/cashew-nut-butter-organic-biona-170g,PPB09,,Breakfast,Butter & spreads,,,
,"Dairy Free Dark Chocolate Hazelnut Spread, Mr Organic ",200g,Mr Organic,3.95,,https://www.abelandcole.co.uk/media/8264_22549_z.jpg,8920,FP051,1,Abel & Cole,https://www.abelandcole.co.uk/pantry/jam-honey-spreads,PPB18,,Breakfast,Butter & spreads,,,
,"Smooth Peanut Butter, Whole Earth ",227g,Whole Earth,2.45,,https://www.abelandcole.co.uk/media/6577_18471_z.jpg,8916,FP047,1,Abel & Cole,https://www.abelandcole.co.uk/smooth-peanut-butter-organic-whole-earth-227g,PPB05,,Breakfast,Butter & spreads,,,
,"Crunchy Peanut Butter, Whole Earth ",227g,Whole Earth,2.45,,https://www.abelandcole.co.uk/media/6578_18472_z.jpg,8917,FP048,1,Abel & Cole,https://www.abelandcole.co.uk/crunchy-peanut-butter-organic-whole-earth-227g,PPB06,,Breakfast,Butter & spreads,,,
,"Rich Muesli, Alara ",1kg,Alara,,,#N/A,,,1,Abel & Cole,,,,Breakfast,Cereals,,,
,"Carrot, Apple & Cinnamon Muesli, Primrose's Kitchen ",400g,Primrose's Kitchen,5.95,,https://www.abelandcole.co.uk/media/8121_23013_z.jpg,8897,FP028,1,Abel & Cole,https://www.abelandcole.co.uk/organic-carrot-apple-cinnamon-muesli-primrose-kitchen-400g,MUE25,,Breakfast,Cereals,,,
,"Beetroot & Ginger Muesli, Primrose's Kitchen ",400g,Primrose's Kitchen,5.95,,https://www.abelandcole.co.uk/media/8120_23012_z.jpg,8896,FP027,1,Abel & Cole,https://www.abelandcole.co.uk/organic-beetroot-ginger-muesli-primroses-kitchen-400g,MUE24,,Breakfast,Cereals,,,
,"Orange & Cashew Granola, Primrose's Kitchen ",300g,Primrose's Kitchen,5.95,,https://www.abelandcole.co.uk/media/8118_23010_z.jpg,8880,FP011,1,Abel & Cole,https://www.abelandcole.co.uk/organic-orange-cashew-granola-primrose-kitchen-300g,CER24,,Breakfast,Cereals,,,
,"Turmeric & Banana Granola, Primrose's Kitchen ",300g,Primrose's Kitchen,5.95,,https://www.abelandcole.co.uk/media/8119_23011_z.jpg,8881,FP012,1,Abel & Cole,https://www.abelandcole.co.uk/organic-turmeric-banana-granola-primrose-kitchen-300g,CER25,,Breakfast,Cereals,,,
,"Gluten Free Scottish Porridge Oats, Alara, ",500g,Alara,3.95,,https://www.abelandcole.co.uk/media/8376_22865_z.jpg,8883,FP014,1,Abel & Cole,https://www.abelandcole.co.uk/gluten-free-scottish-porridge-oats-alara-500g,CER47,,Breakfast,Cereals,,,
,"Rich Muesli, Alara ",500g,Alara,3,,https://www.abelandcole.co.uk/media/8383_22848_z.jpg,8899,FP030,1,Abel & Cole,https://www.abelandcole.co.uk/rich-muesli-alara-500,MUE28,,Breakfast,Cereals,,,
,"Classic Apple Bircher Muesli, Alara ",450g,Alara,3.5,,https://www.abelandcole.co.uk/media/8382_22877_z.jpg,8898,FP029,1,Abel & Cole,https://www.abelandcole.co.uk/classic-apple-bircher-muesli-alara-450g,MUE27,,Breakfast,Cereals,,,
,"Delight Gluten Free Muesli, Alara ",250g,Alara,3.3,,https://www.abelandcole.co.uk/media/8386_22869_z.jpg,8900,FP031,1,Abel & Cole,https://www.abelandcole.co.uk/delight-gluten-free-museli-alara-250g,MUE31,,Breakfast,Cereals,,,
,"Cornflakes, Gluten Free, Doves Farm ",375g,Doves Farm,2.5,,https://www.abelandcole.co.uk/media/1109_23157_z.jpg,8878,FP009,1,Abel & Cole,https://www.abelandcole.co.uk/cornflakes-gluten-free-doves-farm-325g,CER07,,Breakfast,Cereals,,,
,"Chocolate Stars, Gluten Free, Doves Farm ",375g,Doves Farm,2.5,,https://www.abelandcole.co.uk/media/1108_22794_z.jpg,8877,FP008,1,Abel & Cole,https://www.abelandcole.co.uk/chocolate-stars-doves-farm-300g,CER06,,Breakfast,Cereals,,,
,"The Ultimate Granola, Rude Health ",500g,Rude Health,5.25,,https://www.abelandcole.co.uk/media/3204_21050_z.jpg,8879,FP010,1,Abel & Cole,https://www.abelandcole.co.uk/the-granola-rude-health-500g,CER20,,Breakfast,Cereals,,,
,"Sprouted Porridge Oats, Gluten Free, Rude Health ",500g,Rude Health,4.75,,https://www.abelandcole.co.uk/media/6130_23164_z.jpg,8882,FP013,1,Abel & Cole,https://www.abelandcole.co.uk/sprouted-porridge-oats-gluten-free-organic-rude-health,CER34,,Breakfast,Cereals,,,
,"Squeeze The Day Orange Juice, Abel & Cole ",750ml,Abel & Cole,3,,https://www.abelandcole.co.uk/media/8141_22555_z.jpg,8840,FC046,1,Abel & Cole,https://www.abelandcole.co.uk/squeeze-the-day-orange-juice-abel-and-cole-750ml,FJU59,,Breakfast,Drinks,,,
,"Appley Ever After Juice, Abel & Cole  ",750ml,Abel & Cole,3,,https://www.abelandcole.co.uk/media/8142_22554_z.jpg,8841,FC047,1,Abel & Cole,https://www.abelandcole.co.uk/appley-ever-after-juice-abel-and-cole-750ml,FJU60,,Breakfast,Drinks,,,
,"Eggs, Organic Free Range ",6 medium,Abel & Cole,2.6,,https://www.abelandcole.co.uk/media/76_18259_z.jpg,,,1,Abel & Cole,https://www.abelandcole.co.uk/eggs-organic-free-range-half-dozen-medium,EGG,,Breakfast,Eggs,,,
,"Eggs, Organic Free Range ",6 large,Abel & Cole,2.9,,https://www.abelandcole.co.uk/media/1483_18260_z.jpg,,,1,Abel & Cole,https://www.abelandcole.co.uk/eggs-organic-free-range-half-dozen-large,EGGL,,Breakfast,Eggs,,,
,"Seville Orange & Mandarin Marmalade, Abel & Cole ",340g,Abel & Cole,3.25,,https://www.abelandcole.co.uk/media/1645_18062_z.jpg,8905,FP036,1,Abel & Cole,https://www.abelandcole.co.uk/seville-orange-mandarin-marmalade-340g,PJA02,,Breakfast,Jam & marmalade,,,
,"Raspberry Jam, Abel & Cole ",340g,Abel & Cole,3.25,,https://www.abelandcole.co.uk/media/1646_18246_z.jpg,8906,FP037,1,Abel & Cole,https://www.abelandcole.co.uk/english-raspberry-jam-340g,PJA03,,Breakfast,Jam & marmalade,,,
,"Strawberry Jam, Abel & Cole ",340g,Abel & Cole,3.25,,https://www.abelandcole.co.uk/media/1648_18063_z.jpg,8907,FP038,1,Abel & Cole,https://www.abelandcole.co.uk/english-strawberry-jam-340g,PJA05,,Breakfast,Jam & marmalade,,,
,"Blackcurrant Jam, Abel & Cole ",340g,Abel & Cole,3.25,,https://www.abelandcole.co.uk/media/5383_18247_z.jpg,8909,FP040,1,Abel & Cole,https://www.abelandcole.co.uk/blackcurrant-jam-abel-cole-340g,PJA15,,Breakfast,Jam & marmalade,,,
,"Apricot Jam, Abel & Cole ",340g,Abel & Cole,3.25,,https://www.abelandcole.co.uk/media/5382_18301_z.jpg,8908,FP039,1,Abel & Cole,https://www.abelandcole.co.uk/apricot-jam-abel-cole-340g,PJA14,,Breakfast,Jam & marmalade,,,
,"Wildflower Honey, Littleover Apiary ",340g,Littleover Apiary,3.45,,https://www.abelandcole.co.uk/media/1606_18557_z.jpg,8895,FP026,1,Abel & Cole,https://www.abelandcole.co.uk/wildflower-honey-clear-340g,HON01,,Breakfast,Jam & marmalade,,,
,Pain au Raisin,Single,tbc,,,#N/A,,,,,,,,Breakfast,Pastries,,,
,Butter Croissant,Single,tbc,,,#N/A,,,,,,,,Breakfast,Pastries,,,
,Almond Croissant,Single,tbc,,,#N/A,,,,,,,,Breakfast,Pastries,,,
,Pain au Chocolat,Single,tbc,,,#N/A,,,,,,,,Breakfast,Pastries,,,
,"Goji Berry, Nutriseed ",250g,Nutriseed,9.95,,https://www.abelandcole.co.uk/media/7007_19527_z.jpg,8937,FP068,1,Abel & Cole,https://www.abelandcole.co.uk/goji-berry-organic-nutriseed,SUP04,,Breakfast,Supplements,,,
,"Matcha tea , Nutriseed ",50g,Nutriseed,11.45,,https://www.abelandcole.co.uk/media/7011_19530_z.jpg,8941,FP072,1,Abel & Cole,https://www.abelandcole.co.uk/matcha-green-tea-organic-nutriseed,SUP08,,Breakfast,Supplements,,,
,"Maca Powder, Nutriseed ",150g,Nutriseed,6.95,,https://www.abelandcole.co.uk/media/7005_19525_z.jpg,8935,FP066,1,Abel & Cole,https://www.abelandcole.co.uk/maca-powder-organic-nutriseed,SUP02,,Breakfast,Supplements,,,
,"Lucuma Powder, Nutriseed ",150g,Nutriseed,7.95,,https://www.abelandcole.co.uk/media/7008_19528_z.jpg,8938,FP069,1,Abel & Cole,https://www.abelandcole.co.uk/lucama-powder-organic-nutriseed,SUP05,,Breakfast,Supplements,,,
,"Acai Berry Powder, Nutriseed ",50g,Nutriseed,7.95,,https://www.abelandcole.co.uk/media/7014_19533_z.jpg,8942,FP073,1,Abel & Cole,https://www.abelandcole.co.uk/acai-berry-organic-nutriseed,SUP11,,Breakfast,Supplements,,,
,"Spirulina Powder, Nutriseed ",150g,Nutriseed,7.95,,https://www.abelandcole.co.uk/media/7006_19526_z.jpg,8936,FP067,1,Abel & Cole,https://www.abelandcole.co.uk/spirulina-powder-organic-nutriseed,SUP03,,Breakfast,Supplements,,,
,"Chia Seeds, Raw, Nutriseed ",250g,Nutriseed,3.75,,https://www.abelandcole.co.uk/media/7004_19781_z.jpg,8934,FP065,1,Abel & Cole,https://www.abelandcole.co.uk/chia-seed-organic-nutriseed,SUP01,,Breakfast,Supplements,,,
,"Ashwagandha Roots Powder, Nutriseed ",100g,Nutriseed,6.95,,https://www.abelandcole.co.uk/media/7015_19534_z.jpg,8943,FP074,1,Abel & Cole,https://www.abelandcole.co.uk/ashawagha-root-powder-organic-nutriseed,SUP12,,Breakfast,Supplements,,,
,"Ground Flax Seed, Nutriseed ",250g,Nutriseed,3.95,,https://www.abelandcole.co.uk/media/7009_19782_z.jpg,8939,FP070,1,Abel & Cole,https://www.abelandcole.co.uk/ground-flax-seed-organic-nutriseed,SUP06,,Breakfast,Supplements,,,
,"Cacao Nibs, Nutriseed ",150g,Nutriseed,3.95,,https://www.abelandcole.co.uk/media/7010_19529_z.jpg,8940,FP071,1,Abel & Cole,https://www.abelandcole.co.uk/cacao-nibs-organic-nutriseed,SUP07,,Breakfast,Supplements,,,
,"Natural Yogurt, Brown Cow Organics ",480g,Brown Cow Organics,1.95,,https://www.abelandcole.co.uk/media/2974_18717_z.jpg,8830,FC036,1,Abel & Cole,https://www.abelandcole.co.uk/natural-yoghurt-brown-cow-500g,DY41,,Breakfast,Yogurts,,,
,"Vanilla Yoghurt, Brown Cow Organics ",480g,Brown Cow Organics,2,,https://www.abelandcole.co.uk/media/2972_18818_z.jpg,8832,FC038,1,Abel & Cole,https://www.abelandcole.co.uk/vanilla-yoghurt-brown-cow-500g,DY45,,Breakfast,Yogurts,,,
,"Blueberry Yoghurt, Brown Cow Organics ",480g,Brown Cow Organics,2,,https://www.abelandcole.co.uk/media/2975_18718_z.jpg,8831,FC037,1,Abel & Cole,https://www.abelandcole.co.uk/blueberry-yoghurt-brown-cow-500g,DY43,,Breakfast,Yogurts,,,
,"Coconut Yoghurt, Brown Cow Organics ",480g,Brown Cow Organics,2,,https://www.abelandcole.co.uk/media/5532_18724_z.jpg,8833,FC039,1,Abel & Cole,https://www.abelandcole.co.uk/coconut-yoghurt-brown-cow-500g,DY76,,Breakfast,Yogurts,,,
,"Kefir, Nourish ",500ml,Nourish,2.99,,https://www.abelandcole.co.uk/media/5841_18552_z.jpg,8826,FC032,1,Abel & Cole,https://www.abelandcole.co.uk/kefir-organic-nourish-500ml,DY111,,Breakfast,Yogurts,,,
,"Kefir, Nourish ",247ml,Nourish,1.99,,https://www.abelandcole.co.uk/media/5840_18551_z.jpg,8825,FC031,1,Abel & Cole,https://www.abelandcole.co.uk/kefir-organic-nourish-250ml,DY110,,Breakfast,Yogurts,,,
,"Original Coconut Yogurt, Rebel Kitchen",400g,Rebel Kitchen,4.5,,https://www.abelandcole.co.uk/media/7426_18830_z.jpg,8827,FC033,1,Abel & Cole,https://www.abelandcole.co.uk/large-coconut-yogurt-organic-rebel-kitchen-400g,DY135,,Breakfast,Yogurts,,,
,"Natural Soya Yogurt, Sojade ",400g,Sojade,1.2,,https://www.abelandcole.co.uk/media/4473_18854_z.jpg,8866,FC072,1,Abel & Cole,https://www.abelandcole.co.uk/natural-soya-yogurt-sojade-400g,SY09,,Breakfast,Yogurts,,,
,"Vanilla Soya Yogurt, Sojade ",400g,Sojade,1.85,,https://www.abelandcole.co.uk/media/8463_22971_z.jpg,8867,FC073,1,Abel & Cole,https://www.abelandcole.co.uk/vanilla-soya-yoghurt-sojada-400g,SY27,,Breakfast,Yogurts,,,
,"Rich Live Natural Yoghurt, Brown Cow Organics ",155g x 4,Brown Cow Organics,2.85,,https://www.abelandcole.co.uk/media/5533_18824_z.jpg,8834,FC040,1,Abel & Cole,https://www.abelandcole.co.uk/natural-yoghurt-brown-cow-4-155g,DY77,,Breakfast,Yogurts,,,
,"Sheep's Milk Natural Thick & Creamy Yogurt, Bergerie ",400g,Bergerie,2.5,,https://www.abelandcole.co.uk/media/7868_21158_z.jpg,8828,FC034,1,Abel & Cole,https://www.abelandcole.co.uk/organic-sheeps-milk-natural-yogurt-bergerie-400g,DY149,,Breakfast,Yogurts,,,
,"Goat's Milk Natural Thick & Creamy Yogurt, Bergerie ",400g,Bergerie,2.5,,https://www.abelandcole.co.uk/media/7869_21159_z.jpg,8829,FC035,1,Abel & Cole,https://www.abelandcole.co.uk/organic-goats-milk-natural-yogurt-bergerie-400g,DY150,,Breakfast,Yogurts,,,
,"Latin American Decaf Instant Coffee, Clipper ",500g,Clipper,,,#N/A,,,1,Abel & Cole,,,,Coffee Break,Coffee,,,
,"Latin American Instant Coffee, Clipper ",500g,Clipper,,,#N/A,,,1,Abel & Cole,,,,Coffee Break,Coffee,,,
,"Dark Roast Coffee Capsules, Cru Kafe ",10 pack,Cru Kafe,3.3,,https://www.abelandcole.co.uk/media/6398_22874_z.jpg,8885,FP016,1,Abel & Cole,https://www.abelandcole.co.uk/dark-roast-coffee-capsules-cru-kafe-organic,COF36,,Coffee Break,Coffee,,,
,"Decaf Roast Capsules, Cru Kafe ",10 pack,Cru Kafe,3.6,,https://www.abelandcole.co.uk/media/6412_22873_z.jpg,8886,FP017,1,Abel & Cole,https://www.abelandcole.co.uk/decaf-coffee-capsules-cru-kafe-organic,COF37,,Coffee Break,Coffee,,,
,"Intense Roast Coffee Capsules, Cru Kafe ",10 pack,Cru Kafe,3.3,,https://www.abelandcole.co.uk/media/6413_22856_z.jpg,8887,FP018,1,Abel & Cole,https://www.abelandcole.co.uk/intense-coffee-capsules-cru-kafe-organic,COF38,,Coffee Break,Coffee,,,
,"Light Roast Coffee Capsules, Cru Kafe ",10 pack,Cru Kafe,3.3,,https://www.abelandcole.co.uk/media/6414_22883_z.jpg,8888,FP019,1,Abel & Cole,https://www.abelandcole.co.uk/Light-Roast-Coffee-Capsules-cru-kafe-10-each,COF39,,Coffee Break,Coffee,,,
,"Indian Single Origin Roast Coffee Capsules, Cru Kafe ",10 pack,Cru Kafe,3.6,,https://www.abelandcole.co.uk/media/8392_22862_z.jpg,8889,FP020,1,Abel & Cole,https://www.abelandcole.co.uk/Indian-Single-Origin-Roast-Coffee-Capsules-Cru-Kafe-10,COF46,,Coffee Break,Coffee,,,
,"Natural Spirit Coffee Beans, Union Coffee ",1kg,Union Coffee,,,#N/A,,,1,Abel & Cole,,,,Coffee Break,Coffee,,,
,"Natural Spirit Ground Coffee, Union Coffee ",200g,Union Coffee,4.5,,https://www.abelandcole.co.uk/media/901_21186_z.jpg,8891,FP022,1,Abel & Cole,https://www.abelandcole.co.uk/natural-spirit-ground-coffee-fairtrade-union-coffee-roasters-227g,COFNS,,Coffee Break,Coffee,,,
,"Ethiopia Yirgacheffe Ground Coffee, Union Coffee ",200g,Union Coffee,4.5,,https://www.abelandcole.co.uk/media/5298_21193_z.jpg,8884,FP015,1,Abel & Cole,"https://www.abelandcole.co.uk/ethiopia-yirgacheffe-coffee-union-coffee-227g",COF28,,Coffee Break,Coffee,,,
,"Natural Spirit Coffee Beans, Union Coffee ",200g,Union Coffee,0,,https://www.abelandcole.co.uk/media/2880_21187_z.jpg,,,1,Abel & Cole,https://www.abelandcole.co.uk/natural-spirit-coffee-beans-fairtrade-union-coffee-roasters-227g,COFNB ,,Coffee Break,Coffee,,,
,"Dairy Free Mylk, Skimmed, Rebel Kitchen ",1 litre,Rebel Kitchen,3.35,,https://www.abelandcole.co.uk/media/7672_18947_z.jpg,8957,FP088,1,Abel & Cole,https://www.abelandcole.co.uk/organic-dairy-free-mylk-rebel-kitchen-skimmed-1l,TWC05,,Coffee Break,Dairy-free,,,
,"Dairy Free Mylk, Semi Skimmed, Rebel Kitchen  ",1 litre,Rebel Kitchen,0,,https://www.abelandcole.co.uk/media/7673_18948_z.jpg,,,1,Abel & Cole,https://www.abelandcole.co.uk/organic-dairy-free-mylk-rebel-kitchen-semi-skimmed-1l,TWC06 ,,Coffee Break,Dairy-free,,,
,"Dairy Free Mylk, Whole, Rebel Kitchen ",1 litre,Rebel Kitchen,3.35,,https://www.abelandcole.co.uk/media/7674_18949_z.jpg,8959,FP090,1,Abel & Cole,https://www.abelandcole.co.uk/organic-dairy-free-mylk-rebel-kitchen-whole-1l,TWC07,,Coffee Break,Dairy-free,,,
,"Oat Drink, Rude Health ",1 litre,Rude Health,2.25,,https://www.abelandcole.co.uk/media/5179_18564_z.jpg,8911,FP042,1,Abel & Cole,https://www.abelandcole.co.uk/oat-drink-rude-health-1-litre1,PMIL2,,Coffee Break,Dairy-free,,,
,"Almond Drink, Rude Health ",1 litre,Rude Health,2.25,,https://www.abelandcole.co.uk/media/5178_18563_z.jpg,8910,FP041,1,Abel & Cole,https://www.abelandcole.co.uk/almond-drink-rude-health-1-litre,PMIL1,,Coffee Break,Dairy-free,,,
,"Natural Soya Milk, Sojade ",1 litre,Sojade,1.5,,https://www.abelandcole.co.uk/media/6274_18580_z.jpg,8932,FP063,1,Abel & Cole,https://www.abelandcole.co.uk/natural-soya-milk-organic-sojade,SMUN2,,Coffee Break,Dairy-free,,,
,"Milk, Skimmed ",½ litre,Abel & Cole,0.65,,https://www.abelandcole.co.uk/media/743_17283_z.jpg,8858,FC064,1,Abel & Cole,https://www.abelandcole.co.uk/milk-skimmed-half-litre,REDH,,Coffee Break,Milk,,,
,"Milk, Semi-skimmed ",½ litre,Abel & Cole,0.65,,https://www.abelandcole.co.uk/media/234_17282_z.jpg,8845,FC051,1,Abel & Cole,https://www.abelandcole.co.uk/milk-semi-skimmed-half-litre,GREEH,,Coffee Break,Milk,,,
,"Milk, Full Cream ",½ litre,Abel & Cole,0.65,,https://www.abelandcole.co.uk/media/235_17286_z.jpg,8803,FC009,1,Abel & Cole,https://www.abelandcole.co.uk/milk-full-cream-half-litre,BLUEH,,Coffee Break,Milk,,,
,"Milk, Full Cream ",1 litre,Abel & Cole,1.2,,https://www.abelandcole.co.uk/media/645_17284_z.jpg,8802,FC008,1,Abel & Cole,https://www.abelandcole.co.uk/milk-full-cream-1-litre,BLUE1,,Coffee Break,Milk,,,
,"Milk, Semi-skimmed ",1 litre,Abel & Cole,1.2,,https://www.abelandcole.co.uk/media/644_17280_z.jpg,8844,FC050,1,Abel & Cole,https://www.abelandcole.co.uk/milk-semi-skimmed-1-litre,GREE1,,Coffee Break,Milk,,,
,"Milk, Skimmed ",1 litre,Abel & Cole,1.2,,https://www.abelandcole.co.uk/media/744_17278_z.jpg,8857,FC063,1,Abel & Cole,https://www.abelandcole.co.uk/milk-skimmed-1-litre,RED1,,Coffee Break,Milk,,,
,"Guernsey Milk, Whole ",1 litre,Abel & Cole,1.3,,https://www.abelandcole.co.uk/media/2230_17287_z.jpg,8869,FC075,1,Abel & Cole,https://www.abelandcole.co.uk/guernsey-milk,YELL1,,Coffee Break,Milk,,,
,"Natural Hemp Drink, Unsweetened, Sojade ",1 litre,Sojade,2.6,,https://www.abelandcole.co.uk/media/7186_18832_z.jpg,8894,FP025,1,Abel & Cole,https://www.abelandcole.co.uk/natural-hemp-drink-unsweetened-organic-sojade-1l,HMUN1,,Coffee Break,Milk,,,
,"Raw Cane Sugar & Fairtrade, Equal Exchange ",500g,Equal Exchange,2.5,,https://www.abelandcole.co.uk/media/932_21065_z.jpg,8933,FP064,1,Abel & Cole,https://www.abelandcole.co.uk/sugar-granulated-fairtrade-500g,SUGAW,,Coffee Break,Sugar,,,
,"Redbush Tea, Clipper ",80 bags,Clipper,3.6,,https://www.abelandcole.co.uk/media/5220_21134_z.jpg,8946,FP077,1,Abel & Cole,https://www.abelandcole.co.uk/organic-redbush-tea-clipper-80-bags,TEA33,,Coffee Break,Tea,,,
,"Everyday Tea, Clipper ",80 bags,Clipper,3.25,,https://www.abelandcole.co.uk/media/5711_21129_z.jpg,8950,FP081,1,Abel & Cole,https://www.abelandcole.co.uk/Everyday-Tea-Clipper-80-bags,TEA47,,Coffee Break,Tea,,,
,"Green Tea, Clipper ",50 bags,Clipper,2.6,,https://www.abelandcole.co.uk/media/5214_21133_z.jpg,8947,FP078,1,Abel & Cole,https://www.abelandcole.co.uk/organic-green-tea-clipper-50-bags,TEA34,,Coffee Break,Tea,,,
,"Earl Grey Tea, Clipper ",250 bags,Clipper,3.5,,https://www.abelandcole.co.uk/media/5213_22429_z.jpg,8945,FP076,1,Abel & Cole,https://www.abelandcole.co.uk/organic-earl-grey-tea-fairtrade-clipper-80-bags,TEA32,,Coffee Break,Tea,,,
,"Decaf Everyday Tea, Clipper ",80 bags,Clipper,4.95,,https://www.abelandcole.co.uk/media/5216_22428_z.jpg,8944,FP075,1,Abel & Cole,https://www.abelandcole.co.uk/organic-decaf-everyday-tea-clipper-80-bags,TEA31,,Coffee Break,Tea,,,
,"Peppermint Tea, Clipper ",20 bags,Clipper,1.6,,https://www.abelandcole.co.uk/media/5219_21131_z.jpg,8949,FP080,1,Abel & Cole,https://www.abelandcole.co.uk/organic-peppermint-tea-clipper-20-bags,TEA36,,Coffee Break,Tea,,,
,"Chamomile Tea, Clipper ",20 bags,Clipper,1.6,,https://www.abelandcole.co.uk/media/5217_21132_z.jpg,8948,FP079,1,Abel & Cole,https://www.abelandcole.co.uk/organic-chamomile-tea-clipper-25-bags,TEA35,,Coffee Break,Tea,,,
,"Green Tea with Lemon, Higher Living ",20 bags,Higher Living,2.3,,https://www.abelandcole.co.uk/media/8475_23108_z.jpg,8954,FP085,1,Abel & Cole,https://www.abelandcole.co.uk/green-tea-lemon-higher-living-20-bags,TEA64,,Coffee Break,Tea,,,
,"White Tea, Higher Living ",20 bags,Higher Living,2.3,,https://www.abelandcole.co.uk/media/8476_23098_z.jpg,8955,FP086,1,Abel & Cole,https://www.abelandcole.co.uk/white-tea-higher-living-20-bags,TEA65,,Coffee Break,Tea,,,
,"Very Berry Tea, Higher Living ",15 bags,Higher Living,2.3,,https://www.abelandcole.co.uk/media/8473_23100_z.jpg,,,1,Abel & Cole,https://www.abelandcole.co.uk/very-berry-tea-higher-living-15-bags,TEA62,,Coffee Break,Tea,,,
,"Licorice Tea, Higher Living ",15 bags,Higher Living,2.3,,https://www.abelandcole.co.uk/media/8471_23107_z.jpg,8952,FP083,1,Abel & Cole,https://www.abelandcole.co.uk/Licorice-Tea-higher-living-15-bags,TEA60,,Coffee Break,Tea,,,
,"Ginger Kick Tea, Higher Living ",15 bags,Higher Living,2.3,,https://www.abelandcole.co.uk/media/8470_23111_z.jpg,8951,FP082,1,Abel & Cole,https://www.abelandcole.co.uk/ginger-kick-tea-higher-living-15-bags,TEA59,,Coffee Break,Tea,,,
,"Rooibos Honeybush Tea, Higher Living ",40 bags,Higher Living,2.95,,https://www.abelandcole.co.uk/media/8483_23105_z.jpg,8956,FP087,1,Abel & Cole,https://www.abelandcole.co.uk/Rooibos-Honeybush-Tea-higher-living-40-bags,TEA72,,Coffee Break,Tea,,,
,"Dark Chocolate Cookies, Cocoa Loco ",200g,Cocoa Loco,3.1,,https://www.abelandcole.co.uk/media/2186_17869_z.jpg,8902,FP033,1,Abel & Cole,https://www.abelandcole.co.uk/dark-chocolate-mini-cookies,PCK18,,Good Afternoon,Biscuits & Cakes,,,
,"Chocolate Anzac Cookies, Cocoa Loco ",200g,Cocoa Loco,3.1,,https://www.abelandcole.co.uk/media/3075_17961_z.jpg,8872,FP003,1,Abel & Cole,https://www.abelandcole.co.uk/chocolate-anzac-cookies-cocoa-loco-170g,BIS31,,Good Afternoon,Biscuits & Cakes,,,
,"Brownie Mini Bites, Cocoa Loco ",200g,Cocoa Loco,3.1,,https://www.abelandcole.co.uk/media/2187_17870_z.jpg,8903,FP034,1,Abel & Cole,https://www.abelandcole.co.uk/brownie-mini-bites,PCK19,,Good Afternoon,Biscuits & Cakes,,,
,"Digestives, Doves Farm ",400g,Doves Farm,1.7,,https://www.abelandcole.co.uk/media/1713_20189_z.jpg,8871,FP002,1,Abel & Cole,https://www.abelandcole.co.uk/digestives-doves-farm-400g,BIS15,,Good Afternoon,Biscuits & Cakes,,,
,"Lemon Melts, Island Bakery ",150g,Island Bakery,2.95,,https://www.abelandcole.co.uk/media/1172_19822_z.jpg,8960,FP091,1,Abel & Cole,https://www.abelandcole.co.uk/lemon-melts-island-bakery-150g,BIS05,,Good Afternoon,Biscuits & Cakes,,,
,"Apple Crumble Biscuits, Island Bakery ",150g,Island Bakery,2.75,,https://www.abelandcole.co.uk/media/3186_19823_z.jpg,8873,FP004,1,Abel & Cole,https://www.abelandcole.co.uk/organic-apple-crumble-biscuits-island-bakery,BIS32,,Good Afternoon,Biscuits & Cakes,,,
,"Shortbread, Island Bakery ",150g,Island Bakery,2.45,,https://www.abelandcole.co.uk/media/1171_19821_z.jpg,8870,FP001,1,Abel & Cole,https://www.abelandcole.co.uk/shortbread-island-bakery-150g,BIS04,,Good Afternoon,Biscuits & Cakes,,,
,"Nutty Chocolate Flapjack Mini Bites, Cocoa Loco ",200g,Cocoa Loco,3.1,,https://www.abelandcole.co.uk/media/2185_17868_z.jpg,8901,FP032,1,Abel & Cole,https://www.abelandcole.co.uk/nutty-chocolate-flapjack-mini-bites,PCK17,,Good Afternoon,Biscuits & Cakes,,,
,Fed Wine Selection - Case of 3,Case of 3,Abel & Cole,30,,#N/A,,,1,Abel & Cole,https://www.abelandcole.co.uk/monthly-organic-wine-club,,,Good Afternoon,Booze,,,
,Fed White Wine Selection - Case of 3,Case of 3,Abel & Cole,30,,#N/A,,,1,Abel & Cole,https://www.abelandcole.co.uk/monthly-organic-wine-club,,,Good Afternoon,Booze,,,
,Fed Red Wine Selection - Case of 3,Case of 3,Abel & Cole,30,,#N/A,,,1,Abel & Cole,https://www.abelandcole.co.uk/monthly-organic-wine-club,,,Good Afternoon,Booze,,,
,Fed Ale Selection - Case of 6,Case of 6,Abel & Cole,15,,#N/A,,,1,Abel & Cole,https://www.abelandcole.co.uk/ale-case-6-bottles,,,Good Afternoon,Booze,,,
,Fed Lager Selection - Case of 6,Case of 6,Abel & Cole,15,,#N/A,,,1,Abel & Cole,https://www.abelandcole.co.uk/wonderful-lager-selection-6-bottles,,,Good Afternoon,Booze,,,
,Giol Prosecco Frizzante 2016 ,75cl,,11,,https://www.abelandcole.co.uk/media/6351_20413_z.jpg,8801,FA004,1,Abel & Cole,https://www.abelandcole.co.uk/giol-prosecco-frizzante-organic,XFIZ1,,Good Afternoon,Booze,,,
,"Pri Secco, Alcohol Free, Cuvée No. 25 ",75cl,,9.5,,https://www.abelandcole.co.uk/media/7568_17652_z.jpg,8977,FP108,1,Abel & Cole,https://www.abelandcole.co.uk/pri-secco-organic-cuvee-no-25-75cl,PSD64,,Good Afternoon,Booze,,,
,"Limney Estate Sparkling Auxerrois Wine, Davenport Vineyard, 2014 ",75cl,,27,,https://www.abelandcole.co.uk/media/5606_20185_z.jpg,8798,FA001,1,Abel & Cole,https://www.abelandcole.co.uk/limney-estate-sparkling-wine-davenport-vineyard-75cl,AW47,,Good Afternoon,Booze,,,
,"Fleury Carte Champagne, Blanc de Noirs 2017 ",75cl,,33,,https://www.abelandcole.co.uk/media/2671_18066_z.jpg,8800,FA003,1,Abel & Cole,https://www.abelandcole.co.uk/fleury-carte-rouge-champagne,XCHA1,,Good Afternoon,Booze,,,
,Il Grillo di Santa Tresa Vino Spumante ,75cl,,14.25,,https://www.abelandcole.co.uk/media/7063_20201_z.jpg,8799,FA002,1,Abel & Cole,https://www.abelandcole.co.uk/Il-grillo-di-santa-tresa-vino-spumante-75cl,FIZ14,,Good Afternoon,Booze,,,
,"Milk Chocolate Buttons, Cocoa Loco ",100g,Cocoa Loco,1.95,,https://www.abelandcole.co.uk/media/3085_20354_z.jpg,8965,FP096,1,Abel & Cole,https://www.abelandcole.co.uk/milk-chocolate-buttons-cocoa-loco-100g,CHO38,,Good Afternoon,Chocolate & Treats,,,
,"Dark Chocolate Buttons, Cocoa Loco ",100g,Cocoa Loco,1.95,,https://www.abelandcole.co.uk/media/3473_20356_z.jpg,8966,FP097,1,Abel & Cole,https://www.abelandcole.co.uk/dark-chocolate-buttons-cocoa-loco-100g,CHO45,,Good Afternoon,Chocolate & Treats,,,
,"Milk Chocolate Fruit and Nut Bar, Cocoa Loco ",100g,Cocoa Loco,3.2,,https://www.abelandcole.co.uk/media/7504_20344_z.jpg,8963,FP094,1,Abel & Cole,https://www.abelandcole.co.uk/milk-chocolate-fruit-and-nut-organic-cocoa-loco-100g,CH109,,Good Afternoon,Chocolate & Treats,,,
,"Dark Chocolate, Cocoa Nibs & Hazelnut Bar, Cocoa Loco ",100g,Cocoa Loco,3.2,,https://www.abelandcole.co.uk/media/7498_20341_z.jpg,8962,FP093,1,Abel & Cole,https://www.abelandcole.co.uk/dark-chocolate-cocoa-nibs-hazelnut-bar-organic-cocoa-loco-100g,CH105,,Good Afternoon,Chocolate & Treats,,,
,"Dark Chocolate Rice Cake Thins, Kallo ",90g,Kallo,1.7,,https://www.abelandcole.co.uk/media/2899_20626_z.jpg,8972,FP103,1,Abel & Cole,https://www.abelandcole.co.uk/dark-chocolate-rice-cake-thins-kallo-90g,CRA15,,Good Afternoon,Chocolate & Treats,,,
,"Wholegrain Rice Cakes, Kallo ",130g,Kallo,1.25,,https://www.abelandcole.co.uk/media/2896_20516_z.jpg,8892,FP023,1,Abel & Cole,https://www.abelandcole.co.uk/original-wholegrain-rice-cakes-kallo-130g,CRA12,,Good Afternoon,Chocolate & Treats,,,
,"Simply Salted Popcorn, Nom ",20g,Nom Foods,1.5,,https://www.abelandcole.co.uk/media/6281_20678_z.jpg,,,1,Abel & Cole,https://www.abelandcole.co.uk/simply-salted-popcorn-organic-nom,SNK10,,Good Afternoon,Chocolate & Treats,,,
,"Salted Maple Popcorn, Nom ",20g,Nom Foods,1.5,,https://www.abelandcole.co.uk/media/6285_20679_z.jpg,,,1,Abel & Cole,"https://www.abelandcole.co.uk/salted-maple-popcorn-organic-nom",SNK11,,Good Afternoon,Chocolate & Treats,,,
,"Tomato Pesto Popcorn, Nom ",20g,Nom Foods,1.5,,https://www.abelandcole.co.uk/media/7651_18337_z.jpg,8988,FP119,1,Abel & Cole,"https://www.abelandcole.co.uk/tomato-pesto-popcorn-organic-nom-foods-limited-20g",SNK13,,Good Afternoon,Chocolate & Treats,,,
,Classic Breadsticks,120g,Organico,2.1,,https://www.abelandcole.co.uk/media/2191_20366_z.jpg,8979,FP110,1,Abel & Cole,https://www.abelandcole.co.uk/classic-breadsticks-120g,PSN06,,Good Afternoon,Chocolate & Treats,,,
,"Sour Cherry bar, Beond ",4 pack,Beond,3.95,,https://www.abelandcole.co.uk/media/6275_18333_z.jpg,8985,FP116,1,Abel & Cole,https://www.abelandcole.co.uk/sour-cherry-bar-organic-beond,PSN16,,Good Afternoon,Chocolate & Treats,,,
,"Blueberry Bar, Beond ",4 pack,Beond,3.95,,https://www.abelandcole.co.uk/media/5765_18331_z.jpg,8983,FP114,1,Abel & Cole,https://www.abelandcole.co.uk/blueberry-bar-organic-beond,PSN14,,Good Afternoon,Chocolate & Treats,,,
,"Raspberry & Acai Bar, Beond ",4 pack,Beond,3.95,,https://www.abelandcole.co.uk/media/5761_18328_z.jpg,8981,FP112,1,Abel & Cole,https://www.abelandcole.co.uk/acai-berry-bar-beond-organic,PSN11,,Good Afternoon,Chocolate & Treats,,,
,"Cacao Bar, Beond ",4 pack,Beond,3.95,,https://www.abelandcole.co.uk/media/5766_18332_z.jpg,8984,FP115,1,Abel & Cole,https://www.abelandcole.co.uk/raw-chocolate-bar-organic-beond,PSN15,,Good Afternoon,Chocolate & Treats,,,
,"Apple & Cinnamon Bar, Beond ",4 pack,Beond,3.95,,https://www.abelandcole.co.uk/media/5762_18329_z.jpg,8982,FP113,1,Abel & Cole,https://www.abelandcole.co.uk/apple-cinnamon-bar-organic-beond,PSN12,,Good Afternoon,Chocolate & Treats,,,
,"Coconut & Raspberry Extra Dark Chocolate, Seed & Bean ",85g,Seed & Bean,2.95,,https://www.abelandcole.co.uk/media/6847_20473_z.jpg,8969,FP100,1,Abel & Cole,https://www.abelandcole.co.uk/coconut-raspberry-extra-dark-chocolate-organic-seed-bean-85g,CHO91,,Good Afternoon,Chocolate & Treats,,,
,"Hazelnut & Almond, Milk Chocolate, Seed & Bean ",85g,Seed & Bean,2.95,,https://www.abelandcole.co.uk/media/6848_20471_z.jpg,8968,FP099,1,Abel & Cole,https://www.abelandcole.co.uk/hazelnut-almond-milk-chocolate-organic-seed-bean-85g,CHO89,,Good Afternoon,Chocolate & Treats,,,
,"Espresso Dark Chocolate, Seed & Bean ",85g,Seed & Bean,2.95,,https://www.abelandcole.co.uk/media/6851_20465_z.jpg,8961,FP092,1,Abel & Cole,https://www.abelandcole.co.uk/espresso-dark-chocolate-organic-seed-bean-85g,CH100,,Good Afternoon,Chocolate & Treats,,,
,"Mint Extra Dark Chocolate, Seed & Bean ",85g,Seed & Bean,2.95,,https://www.abelandcole.co.uk/media/6849_20470_z.jpg,8967,FP098,1,Abel & Cole,https://www.abelandcole.co.uk/mint-extra-dark-chocolate-organic-seed-bean-85g,CHO87,,Good Afternoon,Chocolate & Treats,,,
,"Mandarin & Ginger Extra Dark Chocolate, Seed & Bean ",85g,Seed & Bean,2.95,,https://www.abelandcole.co.uk/media/6850_20469_z.jpg,8964,FP095,1,Abel & Cole,https://www.abelandcole.co.uk/mandarin-ginger-extra-dark-chocolate-organic-seed-bean-85g,CHO02,,Good Afternoon,Chocolate & Treats,,,
,"Extra Dark Chocolate, Seed & Bean ",85g,Seed & Bean,2.95,,https://www.abelandcole.co.uk/media/6846_20475_z.jpg,8970,FP101,1,Abel & Cole,https://www.abelandcole.co.uk/extra-dark-chocolate-organic-seed-bean-85g,CHO94,,Good Afternoon,Chocolate & Treats,,,
,"Cornish Sea Salt & Lime Rich Milk Chocolate, Seed & Bean ",85g,Seed & Bean,2.95,,https://www.abelandcole.co.uk/media/6845_20476_z.jpg,8971,FP102,1,Abel & Cole,https://www.abelandcole.co.uk/cornish-sea-salt-lime-rich-milk-chocolate-organic-seed-bean-85g,CHO98,,Good Afternoon,Chocolate & Treats,,,
,"Wholegrain Corn Cakes, Kallo ",130g,Kallo,1.65,,https://www.abelandcole.co.uk/media/2898_20587_z.jpg,8893,FP024,1,Abel & Cole,https://www.abelandcole.co.uk/wholegrain-corn-cakes-kallo-130g,CRA14,,Good Afternoon,Chocolate & Treats,,,
,"Petit Chèvre, Bergerie ",100g,Bergerie,1.6,,https://www.abelandcole.co.uk/media/7659_18043_z.jpg,8812,FC018,1,Abel & Cole,https://www.abelandcole.co.uk/Goats-Milk-Fresh-Cheese-Organic-Bergerie-100g,DC120,,Good Afternoon,Light Bites,,,
,Greek Feta Cheese,200g,Kolios,2.8,,https://www.abelandcole.co.uk/media/2245_21443_z.jpg,8816,FC022,1,Abel & Cole,https://www.abelandcole.co.uk/greek-feta-cheese,DC32,,Good Afternoon,Light Bites,,,
,Mozzarella ,125g,,2.3,,https://www.abelandcole.co.uk/media/1804_23446_z.jpg,8815,FC021,1,Abel & Cole,https://www.abelandcole.co.uk/mozzarella-125g,DC26,,Good Afternoon,Light Bites,,,
,Farmhouse Mature Cheddar,350g,Green's of Glastonbury,4.25,,https://www.abelandcole.co.uk/media/2272_16738_z.jpg,8817,FC023,1,Abel & Cole,https://www.abelandcole.co.uk/greens-farmhouse-mature-cheddar-325g-avg,DC33,,Good Afternoon,Light Bites,,,
,Sussex Slipcote Plain Sheep's Cheese,100g,High Weald Dairy,2.95,,https://www.abelandcole.co.uk/media/8113_21921_z.jpg,8813,FC019,1,Abel & Cole,https://www.abelandcole.co.uk/organic-sussex-slipcoat-plain-high-weald-dairy-100g,DC133,,Good Afternoon,Light Bites,,,
,Perl Las Blue Cheese ,150g,Caws Cenarth Cheese,3.1,,https://www.abelandcole.co.uk/media/1206_16731_z.jpg,,,1,Abel & Cole,https://www.abelandcole.co.uk/perl-las-blue-cheese-200g,DC15,,Good Afternoon,Light Bites,,,
,"Houmous, Abel & Cole ",220g,Abel & Cole,2.65,,https://www.abelandcole.co.uk/media/5870_17855_z.jpg,8818,FC024,1,Abel & Cole,https://www.abelandcole.co.uk/houmous-organic-abel-cole-220g,DIP14,,Good Afternoon,Light Bites,,,
,"Turmeric Houmous, Abel & Cole ",220g,Abel & Cole,3,,https://www.abelandcole.co.uk/media/6576_17859_z.jpg,8820,FC026,1,Abel & Cole,"https://www.abelandcole.co.uk/turmeric-houmous-organic-abel-and-cole",DIP19,,Good Afternoon,Light Bites,,,
,"Smoked Houmous, Abel & Cole ",220g,Abel & Cole,3,,https://www.abelandcole.co.uk/media/5873_17858_z.jpg,8819,FC025,1,Abel & Cole,https://www.abelandcole.co.uk/smoked-houmous-organic-abel-cole-220g,DIP17,,Good Afternoon,Light Bites,,,
,"Traditional Ham, Roam & Relish ",100g,Roam & Relish,4.1,,https://www.abelandcole.co.uk/media/6764_18056_z.jpg,8846,FC052,1,Abel & Cole,https://www.abelandcole.co.uk/traditional-ham-organic-roam-relish-130g,MCH22,,Good Afternoon,Light Bites,,,
,"Honey Roast Ham, Roam & Relish ",100g,Roam & Relish,4.1,,https://www.abelandcole.co.uk/media/6766_18059_z.jpg,8847,FC053,1,Abel & Cole,https://www.abelandcole.co.uk/honey-roast-ham-organic-roam-relish-130g,MCH24,,Good Afternoon,Light Bites,,,
,"Smoked Organic Farmed Salmon Pâté, Inverawe ",150g,Inverawe,3.5,,https://www.abelandcole.co.uk/media/1320_22409_z.jpg,8852,FC058,1,Abel & Cole,https://www.abelandcole.co.uk/smoked-salmon-pate-inverawe-150g,PAT01,,Good Afternoon,Light Bites,,,
,"Smoked Organic Farmed Salmon, Severn & Wye Smokery ",100g,Severn & Wye Smokery,6.95,,https://www.abelandcole.co.uk/media/8600_23391_z.jpg,8843,FC049,1,Abel & Cole,https://www.abelandcole.co.uk/smoked-salmon-severn-wye-smokery,FS27,,Good Afternoon,Light Bites,,,
,"Smoked Mackerel Pâté, Inverawe ",115g,Inverawe,3.3,,https://www.abelandcole.co.uk/media/1850_22410_z.jpg,8853,FC059,1,Abel & Cole,https://www.abelandcole.co.uk/smoked-mackerel-pate-inverawe-150g,PAT02,,Good Afternoon,Light Bites,,,
,"Chicken Liver Pâté with Brandy & Cranberries, Pyman Pâtés ",125g,Pyman Pâtés,3.7,,https://www.abelandcole.co.uk/media/6871_17571_z.jpg,8854,FC060,1,Abel & Cole,https://www.abelandcole.co.uk/chicken-liver-pate-brandy-cranberries-organic-pyman-pate-125g,PAT28,,Good Afternoon,Light Bites,,,
,"Chicken Liver Pâté with Chestnut Mushroom, Pyman Pâtés ",125g,Pyman Pâtés,3.9,,https://www.abelandcole.co.uk/media/6868_17678_z.jpg,8855,FC061,1,Abel & Cole,https://www.abelandcole.co.uk/chicken-liver-pate-chestnut-mushrooms-organic-pyman-pate-125g,PAT29,,Good Afternoon,Light Bites,,,
,"Chestnut Mushroom Pâté, Pyman Pâtés ",125g,Pyman Pâtés,3.9,,https://www.abelandcole.co.uk/media/7454_17679_z.jpg,8856,FC062,1,Abel & Cole,https://www.abelandcole.co.uk/chestnut-mushroom-pate-pyman-pates-organic-125g,PAT31,,Good Afternoon,Light Bites,,,
,"Prosciutto Crudo, Pedrazzoli ",70g,Pedrazzoli,4.8,,https://www.abelandcole.co.uk/media/7144_15123_z.jpg,8848,FC054,1,Abel & Cole,https://www.abelandcole.co.uk/proscuitto-crudo-pedrazzoli-70g,MCH32,,Good Afternoon,Light Bites,,,
,"Salami Milano, Pedrazzoli ",70g,Pedrazzoli,3.3,,https://www.abelandcole.co.uk/media/7145_15107_z.jpg,8849,FC055,1,Abel & Cole,https://www.abelandcole.co.uk/salami-milano-pedrazzoli-70g,MCH33,,Good Afternoon,Light Bites,,,
,"Salami Finocchiona, Pedrazzoli ",70g,Pedrazzoli,3.3,,https://www.abelandcole.co.uk/media/7146_15108_z.jpg,8850,FC056,1,Abel & Cole,https://www.abelandcole.co.uk/salami-finocchiona-pedrazzoli-70g,MCH34,,Good Afternoon,Light Bites,,,
,"Antipasto Misto, Pedrazzoli ",120g,Pedrazzoli,7,,https://www.abelandcole.co.uk/media/7147_15110_z.jpg,8851,FC057,1,Abel & Cole,https://www.abelandcole.co.uk/antipasto-misto-pedrazzoli-120g,MCH36,,Good Afternoon,Light Bites,,,
,Peppery Salad Mix ,100g,Abel & Cole,2.3,,https://www.abelandcole.co.uk/media/6172_14558_z.jpg,,,1,Abel & Cole,https://www.abelandcole.co.uk/peppery-salad-mix,SALPM,,Good Afternoon,Light Bites,,,
,Sweet Salad Mix ,100g,Abel & Cole,2.3,,https://www.abelandcole.co.uk/media/6171_14607_z.jpg,,,1,Abel & Cole,https://www.abelandcole.co.uk/sweet-salad-mix,SALSM,,Good Afternoon,Light Bites,,,
,Baby Leaf Spinach ,100g,Abel & Cole,2.5,,https://www.abelandcole.co.uk/media/447_14498_z.jpg,,,1,Abel & Cole,https://www.abelandcole.co.uk/baby-leaf-spinach-250g,SPBAB,,Good Afternoon,Light Bites,,,
,Rocket ,100g,Abel & Cole,2.3,,https://www.abelandcole.co.uk/media/693_14588_z.jpg,,,1,Abel & Cole,https://www.abelandcole.co.uk/rocket-100g,ROC10,,Good Afternoon,Light Bites,,,
,Cherry Vine Tomatoes ,250g,Abel & Cole,2.95,,https://www.abelandcole.co.uk/media/3183_14517_z.jpg,,,1,Abel & Cole,https://www.abelandcole.co.uk/tomatoes-cherry-vine-250g,TOMCH,,Good Afternoon,Light Bites,,,
,Cucumber,Each,Abel & Cole,2,,https://www.abelandcole.co.uk/media/420_14652_z.jpg,,,1,Abel & Cole,https://www.abelandcole.co.uk/cucumber,CUCUM,,Good Afternoon,Light Bites,,,
,Alfalfa Sprouts,100g,Abel & Cole,1.9,,https://www.abelandcole.co.uk/media/869_14523_z.jpg,8784,FC006,1,Abel & Cole,https://www.abelandcole.co.uk/sprouts-alfalfa-100g,ALFM,,Good Afternoon,Light Bites,,,
,"Chicken Bone Broth with Ginger & Seasonal Vegetables, Daylesford ",500ml,Daylesford,4.99,,https://www.abelandcole.co.uk/media/7285_18764_z.jpg,8864,FC070,1,Abel & Cole,https://www.abelandcole.co.uk/chicken-bone-broth-with-ginger-and-seasonal-vegetables-daylesford-organic-550g,SOU83,,Good Afternoon,Light Bites,,,
,"10hr Beef Bone Broth with Brisket & Buckwheat, Daylesford ",500ml,Daylesford,4.99,,https://www.abelandcole.co.uk/media/7286_18765_z.jpg,8865,FC071,1,Abel & Cole,https://www.abelandcole.co.uk/10h-beef-bone-broth-with-brisket-and-buckwheat-daylesford-organic-500ml,SOU84,,Good Afternoon,Light Bites,,,
,"Coconut Corn Chowder with Split Peas & Coriander, Daylesford ",500ml,Daylesford,4.99,,https://www.abelandcole.co.uk/media/7282_18761_z.jpg,8861,FC067,1,Abel & Cole,https://www.abelandcole.co.uk/coconut-corn-chowder-with-spelt-peas-and-coriander-daylesford-organic-550g,SOU80,,Good Afternoon,Light Bites,,,
,"Slow Roasted Tomato & Mascarpone, Daylesford ",500ml,Daylesford,4.99,,https://www.abelandcole.co.uk/media/7283_18762_z.jpg,8862,FC068,1,Abel & Cole,https://www.abelandcole.co.uk/slow-roasted-tomato-and-mascarpone-daylesford-organic-550g,SOU81,,Good Afternoon,Light Bites,,,
,"Butternut Soup with Honey & Sage, Daylesford ",500ml,Daylesford,4.99,,https://www.abelandcole.co.uk/media/7284_18763_z.jpg,8863,FC069,1,Abel & Cole,https://www.abelandcole.co.uk/butternut-soup-with-honey-and-sage-daylesford-organic-550g,SOU82,,Good Afternoon,Light Bites,,,
,"Lentil & Spinach Dahl Soup, Tideford Organics ",600g,Tideford Organics,2.9,,https://www.abelandcole.co.uk/media/8644_23715_z.jpg,8859,FC065,1,Abel & Cole,https://www.abelandcole.co.uk/lentil-spinach-dahl-soup-tideford-organics,SO006,,Good Afternoon,Light Bites,,,
,"Beetroot, Kale & Quinoa Soup, Tideford Organics ",600g,Tideford Organics,2.9,,https://www.abelandcole.co.uk/media/8645_23716_z.jpg,8860,FC066,1,Abel & Cole,https://www.abelandcole.co.uk/beetroot-kale-quinoa-soup-tideford-organics,SO007,,Good Afternoon,Light Bites,,,
,"Hummus Chips, Eat Real ",100g,Eat Real,2.25,,https://www.abelandcole.co.uk/media/7542_20764_z.jpg,8924,FP055,1,Abel & Cole,https://www.abelandcole.co.uk/hummus-chips-organic-eat-real-100g,PSN26,,Good Afternoon,Snacks & Deli,,,
,"Lentil & Sea Salt Chips, Eat Real ",100g,Eat Real,2.25,,https://www.abelandcole.co.uk/media/7543_20763_z.jpg,8923,FP054,1,Abel & Cole,https://www.abelandcole.co.uk/lentil-sea-salt-chips-organic-eat-real-100g,PSN25,,Good Afternoon,Snacks & Deli,,,
,"Ancient Grain MultiGrain & Seed Chips, Luke's Organic",142g,Luke's Organic,2.95,,https://www.abelandcole.co.uk/media/8490_23177_z.jpg,8927,FP058,1,Abel & Cole,https://www.abelandcole.co.uk/ancient-grain-multigrain-see-chips-lukes-142g,PSN34,,Good Afternoon,Snacks & Deli,,,
,"Kale MultiGrain Chips, Luke's Organic",142g,Luke's Organic,2.95,,https://www.abelandcole.co.uk/media/8491_23178_z.jpg,8928,FP059,1,Abel & Cole,https://www.abelandcole.co.uk/kale-multigrain-chips-lukes,PSN35,,Good Afternoon,Snacks & Deli,,,
,"Chia Seed MultiGrain Chips, Luke's Organic",142g,Luke's Organic,2.95,,https://www.abelandcole.co.uk/media/8492_23179_z.jpg,8929,FP060,1,Abel & Cole,https://www.abelandcole.co.uk/chia-seed-multigrain-chips-lukes-142g,PSN36,,Good Afternoon,Snacks & Deli,,,
,"Blue Corn & Red Lentil MultiGrain Chips, Luke's Organic",142g,Luke's Organic,2.95,,https://www.abelandcole.co.uk/media/8493_23180_z.jpg,8930,FP061,1,Abel & Cole,https://www.abelandcole.co.uk/blue-corn-red-lentil-multigrain-chips-lukes-142g,PSN37,,Good Afternoon,Snacks & Deli,,,
,"Sweet Potato Hemp & Buckwheat MultiGrain Chips, Luke's Organic",142g,Luke's Organic,2.95,,https://www.abelandcole.co.uk/media/8494_23181_z.jpg,8931,FP062,1,Abel & Cole,https://www.abelandcole.co.uk/sweet-potato-hemp-buckwheat-multigrain-lukes,PSN38,,Good Afternoon,Snacks & Deli,,,
,"Beetroot & Rosemary Savoury Biscuits, Authentic Bread Co. ",100g,Authentic Bread Co.,3.15,,https://www.abelandcole.co.uk/media/6823_17962_z.jpg,8874,FP005,1,Abel & Cole,https://www.abelandcole.co.uk/beetroot-rosemary-savoury-biscuits-organic-authentic-bread-co-100g,BIS33,,Good Afternoon,Snacks & Deli,,,
,"Pumpkin Seed Savoury Oatcakes, Authentic Bread Co. ",150g,Authentic Bread Co.,3.15,,https://www.abelandcole.co.uk/media/6824_17963_z.jpg,8875,FP006,1,Abel & Cole,https://www.abelandcole.co.uk/pumpkin-seed-savoury-oatcakes-organic-authentic-bread-co-150g,BIS34,,Good Afternoon,Snacks & Deli,,,
,"Sea Salt & Cracked Black Pepper Savoury Biscuits, Authentic Bread Co. ",100g,Authentic Bread Co.,3.15,,https://www.abelandcole.co.uk/media/6826_17965_z.jpg,8876,FP007,1,Abel & Cole,https://www.abelandcole.co.uk/sea-salt-cracker-black-pepper-savoury-biscuits-organic-authentic-bread-co-100g,BIS35,,Good Afternoon,Snacks & Deli,,,
,"Lingutte Flatbread with Rosemary, Mr Organic",150g,Mr Organic,2.6,,https://www.abelandcole.co.uk/media/8255_22544_z.jpg,8925,FP056,1,Abel & Cole,https://www.abelandcole.co.uk/lingutte-flatbread-with-rosemary-mr-organic-150g,PSN30,,Good Afternoon,Snacks & Deli,,,
,"Lingutte Flatbread, Classic, Mr Organic",150g,Mr Organic,2.6,,https://www.abelandcole.co.uk/media/8256_22545_z.jpg,8926,FP057,1,Abel & Cole,https://www.abelandcole.co.uk/lingutt-flatbread-classic-mr-organic-150g,PSN31,,Good Afternoon,Snacks & Deli,,,
,"Multigrain Thins, Rude Health ",160g,Rude Health,2.25,,https://www.abelandcole.co.uk/media/3739_20362_z.jpg,8989,FP120,1,Abel & Cole,https://www.abelandcole.co.uk/multigrain-thins-rude-health-160g,CRA17,,Good Afternoon,Snacks & Deli,,,
,"Harissa Houmous, Abel & Cole ",220g,Abel & Cole,3,,https://www.abelandcole.co.uk/media/7339_17854_z.jpg,8823,FC029,1,Abel & Cole,https://www.abelandcole.co.uk/houmous-harissa-organic-abelandcole-220g,DIP23,,Good Afternoon,Snacks & Deli,,,
,"Kalamata Olive Houmous, Abel & Cole ",220g,Abel & Cole,3,,https://www.abelandcole.co.uk/media/7340_17857_z.jpg,8824,FC030,1,Abel & Cole,https://www.abelandcole.co.uk/houmous-olive-kalamata-organic-abelandcole-220g,DIP24,,Good Afternoon,Snacks & Deli,,,
,"Spicy Red Pepper Salsa, Rod & Ben's ",200g,Rod & Ben's,2,,https://www.abelandcole.co.uk/media/6595_21156_z.jpg,8821,FC027,1,Abel & Cole,https://www.abelandcole.co.uk/spicy-red-pepper-salsa-rod-and-bens,DIP20,,Good Afternoon,Snacks & Deli,,,
,"Butterbean & Chive Dip, Rod & Ben's ",200g,Rod & Ben's,2,,https://www.abelandcole.co.uk/media/6596_21157_z.jpg,8822,FC028,1,Abel & Cole,https://www.abelandcole.co.uk/butterbean-chive-dip-rod-and-bens,DIP21,,Good Afternoon,Snacks & Deli,,,
,Wild Garlic & Basil Olives,185g,The Real Olive Company,3,,https://www.abelandcole.co.uk/media/6481_18232_z.jpg,8804,FC010,1,Abel & Cole,https://www.abelandcole.co.uk/wild-garlic-basil-olives-the-real-olive-company-185g,COL07,,Good Afternoon,Snacks & Deli,,,
,Kasbah Olives,185g,The Real Olive Company,3,,https://www.abelandcole.co.uk/media/6482_18233_z.jpg,8805,FC011,1,Abel & Cole,https://www.abelandcole.co.uk/kasbah-olives-organic-the-real-olive-company-250g,COL08,,Good Afternoon,Snacks & Deli,,,
,Kalamata Olives,210g,The Real Olive Company,3,,https://www.abelandcole.co.uk/media/6483_18234_z.jpg,8806,FC012,1,Abel & Cole,https://www.abelandcole.co.uk/kalamata-olives-organic-the-real-olive-company-250g,COL09,,Good Afternoon,Snacks & Deli,,,
,Bella di Cerignola Olives,210g,The Real Olive Company,3,,https://www.abelandcole.co.uk/media/6485_18236_z.jpg,8807,FC013,1,Abel & Cole,https://www.abelandcole.co.uk/bella-di-cerignola-olives-organic-the-real-olive-company-250g,COL11,,Good Afternoon,Snacks & Deli,,,
,"Mixed Nuts, Abel & Cole ",250g,Abel & Cole,4.75,,https://www.abelandcole.co.uk/media/5597_20923_z.jpg,8914,FP045,1,Abel & Cole,https://www.abelandcole.co.uk/mixed-nuts-organic-250g,PNU6,,Good Afternoon,Snacks & Deli,,,
,"Banana Chips, Abel & Cole ",125g,Abel & Cole,1.6,,https://www.abelandcole.co.uk/media/5540_20904_z.jpg,8904,FP035,1,Abel & Cole,https://www.abelandcole.co.uk/banana-chips-organic-125g,PFR3,,Good Afternoon,Snacks & Deli,,,
,"Whole Cashews, Abel & Cole ",250g,Abel & Cole,6.5,,https://www.abelandcole.co.uk/media/5547_20924_z.jpg,8915,FP046,1,Abel & Cole,https://www.abelandcole.co.uk/whole-cashews-organic-250g,PNU7,,Good Afternoon,Snacks & Deli,,,
,"Walnut Halves, Abel & Cole ",250g,Abel & Cole,6.5,,https://www.abelandcole.co.uk/media/5596_20922_z.jpg,8913,FP044,1,Abel & Cole,https://www.abelandcole.co.uk/walnut-halves-organic-250g,PNU5,,Good Afternoon,Snacks & Deli,,,
,"Whole Almonds, Abel & Cole ",250g,Abel & Cole,6.5,,https://www.abelandcole.co.uk/media/5505_21073_z.jpg,8912,FP043,1,Abel & Cole,https://www.abelandcole.co.uk/whole-almonds-organic-250g,PNU2,,Good Afternoon,Snacks & Deli,,,
,"Lightly Salted Potato Chips, Biona ",100g,Biona,1.95,,https://www.abelandcole.co.uk/media/3079_20670_z.jpg,8980,FP111,1,Abel & Cole,https://www.abelandcole.co.uk/lightly-salted-potato-chips-biona-100g,PSN08,,Good Afternoon,Snacks & Deli,,,
,"Raspberry & Elderflower Kombucha, Equinox ",275ml,Equinox,2,,https://www.abelandcole.co.uk/media/7663_19320_z.jpg,8838,FC044,1,Abel & Cole,https://www.abelandcole.co.uk/Raspberry-Elderflower-Kombucha-Organic-Equinox-275ml,FJU45,,Good Afternoon,Soft Drinks,,,
,"Ginger Kombucha, Equinox ",275ml,Equinox,2,,https://www.abelandcole.co.uk/media/7661_19318_z.jpg,8836,FC042,1,Abel & Cole,https://www.abelandcole.co.uk/ginger-kombucha-organic-equinox-275ml,FJU43,,Good Afternoon,Soft Drinks,,,
,"Original Kombucha, Equinox  ",275ml,Equinox,2,,https://www.abelandcole.co.uk/media/7660_19317_z.jpg,8835,FC041,1,Abel & Cole,https://www.abelandcole.co.uk/Original-Kombucha-Organic-Equinox-275ml,FJU42,,Good Afternoon,Soft Drinks,,,
,"Wild Berry Kombucha, Equinox  ",275ml,Equinox,2,,https://www.abelandcole.co.uk/media/7662_19319_z.jpg,8837,FC043,1,Abel & Cole,https://www.abelandcole.co.uk/Wild-Berry-Kombucha-Organic-Equinox-275ml,FJU44,,Good Afternoon,Soft Drinks,,,
,"Pink Grapefruit & Guava Kombucha, Equinox  ",275ml,Equinox,2,,https://www.abelandcole.co.uk/media/8312_22641_z.jpg,8842,FC048,1,Abel & Cole,https://www.abelandcole.co.uk/pink-grapefruit-guava-kombucha-equinox-275ml,FJU61,,Good Afternoon,Soft Drinks,,,
,"St Clements, Luscombe ",4 x 270ml,Luscombe,6,,https://www.abelandcole.co.uk/media/4964_19980_z.jpg,8990,FP121,1,Abel & Cole,https://www.abelandcole.co.uk/organic-sparkling-passion-fruit-water-luscombe-4-270ml,PSD42,,Good Afternoon,Soft Drinks,,,
,"Wild Elderflower Bubbly, Luscombe ",4 x 270ml,Luscombe,6,,https://www.abelandcole.co.uk/media/4969_19842_z.jpg,8976,FP107,1,Abel & Cole,https://www.abelandcole.co.uk/wild-elderflower-bubbly-organic-luscombe-4x320ml,PSD47,,Good Afternoon,Soft Drinks,,,
,"Cool Ginger Beer, Luscombe ",4 x 270ml,Luscombe,6,,https://www.abelandcole.co.uk/media/4965_19981_z.jpg,8973,FP104,1,Abel & Cole,https://www.abelandcole.co.uk/raspberry-crush-luscombe-organic-4x320ml,PSD43,,Good Afternoon,Soft Drinks,,,
,"Hot Ginger Beer, Luscombe ",4 x 270ml,Luscombe,6,,https://www.abelandcole.co.uk/media/4967_20641_z.jpg,8975,FP106,1,Abel & Cole,https://www.abelandcole.co.uk/hot-ginger-beer-luscombe-organic-4x320ml,PSD45,,Good Afternoon,Soft Drinks,,,
,"Sicilian Lemonade, Luscombe ",4 x 270ml,Luscombe,6,,https://www.abelandcole.co.uk/media/4966_19982_z.jpg,8974,FP105,1,Abel & Cole,https://www.abelandcole.co.uk/sicilian-lemonade-luscombe-organic-4x320ml,PSD44,,Good Afternoon,Soft Drinks,,,
,"Water Kefir , Purearth ",3 x 330ml,Purearth,9,,https://www.abelandcole.co.uk/media/7882_21234_z.jpg,8839,FC045,1,Abel & Cole,https://www.abelandcole.co.uk/organic-one-of-each-water-kefir-purearth-3-330ml,FJU54,,Good Afternoon,Soft Drinks,,,
,"Organic Coconut Water, Rebel Kitchen ",3 x 250ml,Rebel Kitchen,5.5,,https://www.abelandcole.co.uk/media/6383_21844_z.jpg,8868,FC074,1,Abel & Cole,https://www.abelandcole.co.uk/raw-coconut-water-organic-3-250ml,TWC02,,Good Afternoon,Soft Drinks,,,
,"Cider Vinegar Drinks, Switchle ",3 x 250ml,Switchle,5,,https://www.abelandcole.co.uk/media/8200_22305_z.jpg,8978,FP109,1,Abel & Cole,https://www.abelandcole.co.uk/organic-one-of-each-sparkling-vinegar-drink-switchle-3-250ml,PSD80,,Good Afternoon,Soft Drinks,,,
